,PROPERTIES_SHOPPABLE_POST_ID,POST_TIMESTAMP,LAST_CLICK_TIMESTAMP,PREVIEW,FULL_VIEW,CTR,RT_SCORE,score,coldness_score,hotness_score,date
235703,235703,1569740269545,1569740313416.0,1,1,0.5,99.9551826808796,99.99997364660662,49.99997478262959,49.99999886397703,2019-09-28 23:57:49.545
235704,235704,1569740360543,1569992952968.0,198,28,0.12389380530973451,25.972959652408505,30.27317746106274,0.0,30.27317746106274,2019-09-28 23:59:20.543
235706,235706,1569743987735,1569744002638.0,1,1,0.5,99.9551826808796,99.99997364660662,49.99997478262959,49.99999886397703,2019-09-29 00:59:47.735
235707,235707,1569744176578,1569996692006.0,137,3,0.02142857142857143,6.111776346970177,6.162301608194829,0.0,6.162301608194829,2019-09-29 01:02:56.578
235708,235708,1569749414540,1569979587737.0,21,1,0.045454545454545456,14.328467098705236,58.96906623769063,49.45065286847034,9.518413369220292,2019-09-29 02:30:14.540
235709,235709,1569750535040,1569758913515.0,8,3,0.2727272727272727,97.10123170316989,99.69617485432838,49.9991649289076,49.69700992542079,2019-09-29 02:48:55.040
235710,235710,1569751829157,1569819844111.0,11,1,0.08333333333333333,63.44572084264671,67.92197456086747,49.99625768862447,17.925716872243,2019-09-29 03:10:29.157
235711,235711,1569754706721,1569998080402.0,2256,153,0.06351183063511831,12.210238479227097,13.022634519948273,0.0,13.022634519948273,2019-09-29 03:58:26.721
235712,235712,1569755601273,1569987080406.0,134,5,0.03597122302158273,7.850963650000054,8.030264267629073,0.0,8.030264267629073,2019-09-29 04:13:21.273
235713,235713,1569756518877,1569971329924.0,136,8,0.05555555555555555,10.802046864073949,11.365796806917967,0.0,11.365796806917967,2019-09-29 04:28:38.877
235714,235714,1569756789060,1569997084671.0,485,44,0.0831758034026465,16.188674451497313,17.882631657755546,0.0,17.882631657755546,2019-09-29 04:33:09.060
235715,235715,1569757289850,1569757306190.0,1,1,0.5,99.9551826808796,99.99997364660662,49.99997478262959,49.99999886397703,2019-09-29 04:41:29.850
235716,235716,1569759273876,1569974892913.0,20,0,0.0,12.10209006874188,53.82399227848188,49.66535745378576,4.158634824696119,2019-09-29 05:14:33.876
235717,235717,1569760251785,1569975570458.0,13,0,0.0,47.266551976449335,54.14846347579336,49.98982865109724,4.158634824696119,2019-09-29 05:30:51.785
235718,235718,1569760291329,1569978302113.0,35,0,0.0,4.163857486306829,7.951543825758291,3.7929090010621724,4.158634824696119,2019-09-29 05:31:31.329
235719,235719,1569760579065,1569781010630.0,25,0,0.0,4.921992518714842,50.36572582363394,46.20709099893782,4.158634824696119,2019-09-29 05:36:19.065
235720,235720,1569760690962,1569781086812.0,24,1,0.04,9.64530207565948,56.26331154526889,47.628706341121664,8.634605204147224,2019-09-29 05:38:10.962
235721,235721,1569760758089,1569951435451.0,20,1,0.047619047619047616,17.461868613266052,59.55616302585667,49.66535745378576,9.890805572070912,2019-09-29 05:39:18.089
235722,235722,1569760772401,1569969079472.0,46,3,0.061224489795918366,11.79304302511121,12.544539113859683,0.016767506523318598,12.527771607336364,2019-09-29 05:39:32.401
235723,235723,1569760827895,1569992983417.0,86,4,0.044444444444444446,9.038709245888182,9.348898211681394,3.4572344986827375e-11,9.348898211646821,2019-09-29 05:40:27.895
235724,235724,1569761090596,1569782029364.0,76,6,0.07317073170731707,14.07952992552392,15.277013061180707,5.130940117226146e-09,15.277013056049768,2019-09-29 05:44:50.596
235725,235725,1569761416746,1569992693772.0,180,5,0.02702702702702703,6.73830343967622,6.8263251688060995,0.0,6.8263251688060995,2019-09-29 05:50:16.746
235726,235726,1569761610886,1569998040225.0,26,0,0.0,4.624432791949452,48.198488723590245,44.03985389889412,4.158634824696119,2019-09-29 05:53:30.886
235727,235727,1569761924517,1569995932091.0,417,28,0.06292134831460675,12.10158335962388,12.893447444104286,0.0,12.893447444104286,2019-09-29 05:58:44.517
235728,235728,1569762218559,1569996539307.0,597,82,0.12076583210603829,25.191454283600528,29.29532803179333,0.0,29.29532803179333,2019-09-29 06:03:38.559
235729,235729,1569762291413,1569955208248.0,110,3,0.02654867256637168,6.682719957382528,6.767004568165862,0.0,6.767004568165862,2019-09-29 06:04:51.413
235730,235730,1569762323193,1569997972207.0,3853,330,0.07889074826679417,15.265001731665667,16.73449236782088,0.0,16.73449236782088,2019-09-29 06:05:23.193
235731,235731,1569762380963,1569984125928.0,69,9,0.11538461538461539,23.84697244791467,27.59926864522092,1.6991339446548182e-07,27.599268475307525,2019-09-29 06:06:20.963
235733,235733,1569762442339,1569993211022.0,39,2,0.04878048780487805,9.699419590693577,10.645172200847766,0.5493471315296594,10.095825069318106,2019-09-29 06:07:22.339
235732,235732,1569762442406,1569998086077.0,73,3,0.039473684210526314,8.325777718659406,8.55336311988918,2.299527235294363e-08,8.553363096893907,2019-09-29 06:07:22.406
235734,235734,1569762580501,1569998077886.0,956,76,0.07364341085271318,14.175348784667296,15.3940789852757,0.0,15.3940789852757,2019-09-29 06:09:40.501
235735,235735,1569762721213,1569990074047.0,233,8,0.03319502074688797,7.490451882962007,7.636778470110833,0.0,7.636778470110833,2019-09-29 06:12:01.213
235736,235736,1569762761918,1569975243608.0,118,7,0.056,10.877511178844374,11.453593795554564,0.0,11.453593795554564,2019-09-29 06:12:41.918
235737,235737,1569763125751,1569982294776.0,187,19,0.09223300970873786,18.23132114417429,20.452253135589093,0.0,20.452253135589093,2019-09-29 06:18:45.751
235738,235738,1569763187957,1569996644427.0,596,28,0.04487179487179487,9.102170418482935,9.420287169300586,0.0,9.420287169300586,2019-09-29 06:19:47.957
235739,235739,1569763351301,1569997778310.0,500,48,0.08759124087591241,17.170043676192453,19.11260626153755,0.0,19.11260626153755,2019-09-29 06:22:31.301
235740,235740,1569763705341,1569782114768.0,60,2,0.03225806451612903,7.371896724106319,7.508100609603716,1.529511134967798e-05,7.508085314492366,2019-09-29 06:28:25.341
235741,235741,1569763821147,1569995992567.0,31,0,0.0,4.197199627810479,23.035668264603387,18.87703343990727,4.158634824696119,2019-09-29 06:30:21.147
235742,235742,1569763962612,1569980379166.0,83,2,0.023529411764705882,6.340785158298619,6.4038342684642355,1.5494272531668685e-10,6.403834268309293,2019-09-29 06:32:42.612
235743,235743,1569764021841,1569995992566.0,55,4,0.06779661016949153,13.018293874322183,13.990179717625745,0.0001863319642081418,13.989993385661537,2019-09-29 06:33:41.841
235744,235744,1569764110667,1569996413109.0,378,24,0.05970149253731343,11.520743158792078,12.2065904503132,0.0,12.2065904503132,2019-09-29 06:35:10.667
235745,235745,1569764548593,1569995992567.0,41,0,0.0,4.158894871517173,4.362141710490921,0.20350688579480192,4.158634824696119,2019-09-29 06:42:28.593
235746,235746,1569764621574,1569974892914.0,15,0,0.0,39.01159902296649,54.13099589284994,49.97236106815382,4.158634824696119,2019-09-29 06:43:41.574
235747,235747,1569764940542,1569996779118.0,218,15,0.06437768240343347,12.370754715023894,13.213876080344125,0.0,13.213876080344125,2019-09-29 06:49:00.542
235748,235748,1569765019823,1569984604811.0,172,10,0.054945054945054944,10.69900658969127,11.246106029186818,0.0,11.246106029186818,2019-09-29 06:50:19.823
235749,235749,1569765132561,1569963843467.0,37,2,0.05128205128205128,10.097746506019659,12.015522208966642,1.465611537567818,10.549910671398823,2019-09-29 06:52:12.561
235750,235750,1569765683277,1569993441670.0,96,10,0.09433962264150944,18.72209515670471,21.074416041571155,2.3314683517128287e-13,21.07441604157092,2019-09-29 07:01:23.277
235751,235751,1569765894344,1569995722316.0,316,47,0.12947658402203857,27.362079300143193,31.992158734245567,0.0,31.992158734245567,2019-09-29 07:04:54.344
235752,235752,1569766070996,1569984678596.0,29,4,0.12121212121212122,25.407706718899192,60.558291608110984,31.12296656009273,29.435325048018253,2019-09-29 07:07:50.996
235753,235753,1569766325855,1569988501897.0,22,14,0.3888888888888889,53.01861623855287,99.09905314424103,49.100689501895424,49.9983636423456,2019-09-29 07:12:05.855
235754,235754,1569766351892,1569998011890.0,9007,831,0.0844683878837162,16.47295764013959,18.237939335993175,0.0,18.237939335993175,2019-09-29 07:12:31.892
235755,235755,1569766360375,1569996150971.0,162,3,0.01818181818181818,5.771876420225419,5.806346601144392,0.0,5.806346601144392,2019-09-29 07:12:40.375
235756,235756,1569766656159,1569994427318.0,206,15,0.06787330316742081,13.033068256204396,14.007785990080887,0.0,14.007785990080887,2019-09-29 07:17:36.159
235757,235757,1569766677804,1569991801768.0,51,9,0.15,32.28281706348052,37.7878930854837,0.0013767845557344227,37.78651630092797,2019-09-29 07:17:57.804
235758,235758,1569766921275,1569997809478.0,3509,262,0.06947759215062317,13.344607743832078,14.383809759716284,0.0,14.383809759716284,2019-09-29 07:22:01.275
235759,235759,1569767014517,1569767031806.0,1,1,0.5,99.9551826808796,99.99997364660662,49.99997478262959,49.99999886397703,2019-09-29 07:23:34.517
235760,235760,1569767053024,1569767097135.0,1,1,0.5,99.9551826808796,99.99997364660662,49.99997478262959,49.99999886397703,2019-09-29 07:24:13.024
235761,235761,1569767181706,1569980477640.0,28,0,0.0,4.331007389774301,40.71156375619637,36.55292893150025,4.158634824696119,2019-09-29 07:26:21.706
235762,235762,1569767195812,1569822324850.0,44,8,0.15384615384615385,33.15263874629975,38.79207347712341,0.04555255972003014,38.74652091740338,2019-09-29 07:26:35.812
235763,235763,1569767455552,1569767468302.0,1,0,0.0,54.138827560929684,54.158609607325715,49.99997478262959,4.158634824696119,2019-09-29 07:30:55.552
235764,235764,1569768227458,1569998059623.0,577,42,0.06785137318255251,13.028842418589157,14.002696572674244,0.0,14.002696572674244,2019-09-29 07:43:47.458
235765,235765,1569768258698,1569974892914.0,7,0,0.0,53.763780649325184,54.158128325147075,49.99949350045096,4.158634824696119,2019-09-29 07:44:18.698
235766,235766,1569768463010,1569768880396.0,6,3,0.3333333333333333,99.0680427778094,99.9746827359159,49.99969279126989,49.974989944646026,2019-09-29 07:47:43.010
235767,235767,1569768566865,1569822738216.0,33,4,0.10810810810810811,22.05515662879292,34.42429165343407,9.121276190317818,25.303015463116246,2019-09-29 07:49:26.865
235768,235768,1569768621372,1569997907011.0,1202,141,0.10498883097542815,21.275143843940768,24.326286288301826,0.0,24.326286288301826,2019-09-29 07:50:21.372
235769,235769,1569768826300,1569988820124.0,46,0,0.0,4.158656170740972,4.175402331219438,0.016767506523318598,4.158634824696119,2019-09-29 07:53:46.300
235770,235770,1569768906453,1569991676522.0,39,5,0.11363636363636363,23.411941818545547,27.596038186569906,0.5493471315296594,27.046691055040245,2019-09-29 07:55:06.453
235771,235771,1569768933593,1569988820123.0,56,0,0.0,4.1586349685247015,4.158747840911016,0.00011301621489767655,4.158634824696119,2019-09-29 07:55:33.593
235773,235773,1569769053550,1569998059607.0,252,27,0.0967741935483871,19.295751043369275,21.80330932243633,0.0,21.80330932243633,2019-09-29 07:57:33.550
235774,235774,1569769070204,1569997257460.0,555,47,0.07807308970099668,15.092137200129452,16.520776228701266,0.0,16.520776228701266,2019-09-29 07:57:50.204
235772,235772,1569768985807,1569980772944.0,28,3,0.0967741935483871,19.468123608447456,58.35623825393658,36.55292893150025,21.80330932243633,2019-09-29 07:56:25.807
235775,235775,1569769101229,1569996942540.0,506,62,0.10915492957746478,22.299312197753302,25.632276206321762,0.0,25.632276206321762,2019-09-29 07:58:21.229
235776,235776,1569769434307,1569997686615.0,650,38,0.055232558139534885,10.747442034594249,11.302341035665671,0.0,11.302341035665671,2019-09-29 08:03:54.307
235777,235777,1569769513727,1569820686787.0,29,1,0.03333333333333333,7.612776570275312,38.77891632972626,31.12296656009273,7.65594976963353,2019-09-29 08:05:13.727
235778,235778,1569770008832,1569992680491.0,59,1,0.016666666666666666,5.618955499160334,5.647220431764337,2.521737040850347e-05,5.647195214393928,2019-09-29 08:13:28.832
235779,235779,1569770076967,1569992302473.0,24,1,0.04,9.64530207565948,56.26331154526889,47.628706341121664,8.634605204147224,2019-09-29 08:14:36.967
235780,235780,1569770090732,1569997949373.0,1183,86,0.0677698975571316,13.013150101530528,13.983800052227641,0.0,13.983800052227641,2019-09-29 08:14:50.732
235781,235781,1569770183563,1569993259816.0,61,8,0.11594202898550725,23.986063751058747,27.77540762627433,9.276955093007189e-06,27.775398349319236,2019-09-29 08:16:23.563
235782,235782,1569770232015,1569991356961.0,79,6,0.07058823529411765,13.563039049266385,14.648398761196175,1.1448619829934614e-09,14.648398760051313,2019-09-29 08:17:12.015
235783,235783,1569770339993,1569770351549.0,1,1,0.5,99.9551826808796,99.99997364660662,49.99997478262959,49.99999886397703,2019-09-29 08:18:59.993
235784,235784,1569770410733,1569996649293.0,504,51,0.0918918918918919,18.152366243276802,20.352301773508035,0.0,20.352301773508035,2019-09-29 08:20:10.733
235785,235785,1569770436537,1569985595776.0,29,13,0.30952380952380953,49.00038950901903,81.05266078546885,31.12296656009273,49.92969422537611,2019-09-29 08:20:36.537
235786,235786,1569770487340,1569991676523.0,33,5,0.13157894736842105,27.896063190543497,41.749184701241944,9.121276190317818,32.62790851092412,2019-09-29 08:21:27.340
235787,235787,1569770506127,1569998112571.0,2850,189,0.06219151036525173,11.968197513459307,12.735154040038827,0.0,12.735154040038827,2019-09-29 08:21:46.127
235788,235788,1569770657948,1569771913103.0,24,0,0.0,5.40485615705182,51.78734116581778,47.628706341121664,4.158634824696119,2019-09-29 08:24:17.948
235794,235794,1569770742147,1569771913101.0,23,0,0.0,6.180613065596281,52.6930232871283,48.53438846243218,4.158634824696119,2019-09-29 08:25:42.147
235796,235796,1569770861879,1569997980075.0,750,57,0.07063197026022305,13.571686235623623,14.658888945321621,0.0,14.658888945321621,2019-09-29 08:27:41.879
235797,235797,1569770893213,1569771913103.0,22,0,0.0,7.4070932811293195,53.25932432659154,49.100689501895424,4.158634824696119,2019-09-29 08:28:13.213
235798,235798,1569771086695,1569974892914.0,12,0,0.0,49.73865096434321,54.152465095896815,49.99383027120069,4.158634824696119,2019-09-29 08:31:26.695
235799,235799,1569771343773,1569996693282.0,249,36,0.12631578947368421,26.576851281402636,31.023766744621255,0.0,31.023766744621255,2019-09-29 08:35:43.773
235801,235801,1569771389009,1569996641348.0,94,5,0.050505050505050504,9.971194151274965,10.40702855912626,6.328271240363392e-13,10.407028559125628,2019-09-29 08:36:29.009
235802,235802,1569771432901,1569997949377.0,877,151,0.14688715953307394,31.56436351850691,36.97679302732235,0.0,36.97679302732235,2019-09-29 08:37:12.901
235804,235804,1569771674090,1569981167107.0,31,2,0.06060606060606061,11.720491178532825,31.273585062663834,18.87703343990727,12.396551622756565,2019-09-29 08:41:14.090
235800,235800,1569771388752,1569997326807.0,62,5,0.07462686567164178,14.375966534029214,15.639625025812158,5.626758103893792e-06,15.639619399054054,2019-09-29 08:36:28.752
235805,235805,1569771890729,1569974681473.0,16,1,0.058823529411764705,40.494307130033704,61.97890159282442,49.95444744027997,12.024454152544449,2019-09-29 08:44:50.729
235806,235806,1569771939821,1569998118632.0,2335,209,0.08215408805031446,15.965786175123679,17.604669564105308,0.0,17.604669564105308,2019-09-29 08:45:39.821
235808,235808,1569771945540,1569995347959.0,1127,133,0.10555555555555556,21.41379535995137,24.503171011854693,0.0,24.503171011854693,2019-09-29 08:45:45.540
235810,235810,1569772917018,1569997984982.0,317,22,0.06489675516224189,12.467659745865626,13.329554856087483,0.0,13.329554856087483,2019-09-29 09:01:57.018
235811,235811,1569773019831,1569782146777.0,35,4,0.10256410256410256,20.689890144826553,27.365890451948914,3.7929090010621724,23.57298145088674,2019-09-29 09:03:39.831
235812,235812,1569773090165,1569996505562.0,4,0,0.0,54.06998709495652,54.158521808481225,49.9998869837851,4.158634824696119,2019-09-29 09:04:50.165
235813,235813,1569773567189,1569992691969.0,50,2,0.038461538461538464,8.186253467278348,8.401350636738899,0.002269893435119519,8.399080743303779,2019-09-29 09:12:47.189
235814,235814,1569773691334,1569773714993.0,1,1,0.5,99.9551826808796,99.99997364660662,49.99997478262959,49.99999886397703,2019-09-29 09:14:51.334
235815,235815,1569773731431,,0,0,NaN,49.987984414359055,49.999984704888654,49.999984704888654,0.0,2019-09-29 09:15:31.431
235816,235816,1569773758114,1569975055808.0,19,1,0.05,21.76370698926604,60.111539902807074,49.79649311420519,10.315046788601881,2019-09-29 09:15:58.114
235817,235817,1569773830580,1569982829236.0,22,0,0.0,7.4070932811293195,53.25932432659154,49.100689501895424,4.158634824696119,2019-09-29 09:17:10.580
235818,235818,1569773873980,1569987936886.0,14,0,0.0,43.72820845839388,54.1418673181728,49.98323249347668,4.158634824696119,2019-09-29 09:17:53.980
235819,235819,1569773907202,1569991457501.0,16,2,0.1111111111111111,51.91212242857702,76.20340681422698,49.95444744027997,26.248959373947002,2019-09-29 09:18:27.202
235820,235820,1569774060315,1569996121496.0,288,7,0.023728813559322035,6.362898494412277,6.427229287547911,0.0,6.427229287547911,2019-09-29 09:21:00.315
235821,235821,1569774147520,1569992474813.0,120,4,0.03225806451612903,7.371896704641234,7.508085314492366,0.0,7.508085314492366,2019-09-29 09:22:27.520
235822,235822,1569774162332,1569998049480.0,6271,816,0.11514039791166926,23.786054934231814,27.522088056342632,0.0,27.522088056342632,2019-09-29 09:22:42.332
235823,235823,1569774223769,1569976278781.0,10,5,0.3333333333333333,97.58602063885681,99.9727200512109,49.99773010656488,49.974989944646026,2019-09-29 09:23:43.769
235824,235824,1569774460521,1569815364739.0,34,7,0.17073170731707318,36.7049140923449,48.35142181839464,5.9601461011058845,42.39127571728876,2019-09-29 09:27:40.521
235825,235825,1569774481094,1569992663331.0,55,0,0.0,4.158635061829354,4.158821156660327,0.0001863319642081418,4.158634824696119,2019-09-29 09:28:01.094
235826,235826,1569774502156,1569782040393.0,18,2,0.1,37.027798556086545,72.65998094762955,49.87636884216826,22.78361210546128,2019-09-29 09:28:22.156
235827,235827,1569774530585,1569976168597.0,5,0,0.0,54.01264733507651,54.15844849273191,49.99981366803579,4.158634824696119,2019-09-29 09:28:50.585
235828,235828,1569774635358,1569994413050.0,105,8,0.07079646017699115,13.60423979225979,14.69839136772691,0.0,14.69839136772691,2019-09-29 09:30:35.358
235830,235830,1569774664407,1569994459109.0,55,0,0.0,4.158635061829354,4.158821156660327,0.0001863319642081418,4.158634824696119,2019-09-29 09:31:04.407
235829,235829,1569774664199,1569990014723.0,224,9,0.03862660944206009,8.208877052818982,8.4240681663172,0.0,8.4240681663172,2019-09-29 09:31:04.199
235831,235831,1569774839205,1569991657154.0,5,0,0.0,54.01264733507651,54.15844849273191,49.99981366803579,4.158634824696119,2019-09-29 09:33:59.205
235832,235832,1569774902222,1569998087771.0,1111,81,0.06795302013422819,13.048436933552015,14.026297898544144,0.0,14.026297898544144,2019-09-29 09:35:02.222
235833,235833,1569775003613,1569974681475.0,8,0,0.0,53.51094844816133,54.15779975360371,49.9991649289076,4.158634824696119,2019-09-29 09:36:43.613
235834,235834,1569775124377,1569995966595.0,288,35,0.10835913312693499,22.102857844782573,25.381914730604855,0.0,25.381914730604855,2019-09-29 09:38:44.377
235835,235835,1569775218297,1569995208190.0,185,48,0.20600858369098712,42.40754738468112,47.104441239471015,0.0,47.104441239471015,2019-09-29 09:40:18.297
235836,235836,1569775356492,1569994673008.0,205,6,0.02843601895734597,6.904295223740871,7.003948970378486,0.0,7.003948970378486,2019-09-29 09:42:36.492
235837,235837,1569775373702,1569775411730.0,1,0,0.0,54.138827560929684,54.158609607325715,49.99997478262959,4.158634824696119,2019-09-29 09:42:53.702
235839,235839,1569775429552,1569997492370.0,91,27,0.2288135593220339,44.90491628931388,48.582083037111666,2.8421709430404007e-12,48.58208303710882,2019-09-29 09:43:49.552
235840,235840,1569775490060,1569974893243.0,26,1,0.037037037037037035,8.458870849082869,52.22610447729838,44.03985389889412,8.186250578404252,2019-09-29 09:44:50.060
235838,235838,1569775385967,1569994459109.0,19,0,0.0,16.03153624189125,53.95512793890131,49.79649311420519,4.158634824696119,2019-09-29 09:43:05.967
235841,235841,1569775534557,1569992513880.0,69,2,0.028169014084507043,6.872578161508958,6.9699549842581945,1.6991339446548182e-07,6.9699548143448,2019-09-29 09:45:34.557
235842,235842,1569775569374,1569983331870.0,30,0,0.0,4.2221856378501865,29.15863482469612,25.0,4.158634824696119,2019-09-29 09:46:09.374
235843,235843,1569775881292,1569991660042.0,56,0,0.0,4.1586349685247015,4.158747840911016,0.00011301621489767655,4.158634824696119,2019-09-29 09:51:21.292
235844,235844,1569776035785,1569776054958.0,1,1,0.5,99.9551826808796,99.99997364660662,49.99997478262959,49.99999886397703,2019-09-29 09:53:55.785
235845,235845,1569776049847,1569990537574.0,17,8,0.32,72.02216534105543,99.87992062009923,49.924940887163146,49.95497973293608,2019-09-29 09:54:09.847
235846,235846,1569776130807,1569989705146.0,79,2,0.024691358024691357,6.470571228064054,6.541324183254568,1.1448619829934614e-09,6.541324182109706,2019-09-29 09:55:30.807
235847,235847,1569776145782,1569776203728.0,2,2,0.5,99.9423416777684,99.99995728757565,49.99995842359862,49.99999886397703,2019-09-29 09:55:45.782
235848,235848,1569776422552,1569995958832.0,79,9,0.10227272727272728,20.61402979499066,23.48287912656155,1.1448619829934614e-09,23.482879125416687,2019-09-29 10:00:22.552
235849,235849,1569776535887,1569989505539.0,27,16,0.37209302325581395,49.96254866888497,90.87479691918087,40.878723809682185,49.99607310949868,2019-09-29 10:02:15.887
235850,235850,1569776562348,1569776599367.0,2,3,0.6,99.96396552564138,99.99995728757565,49.99995842359862,49.99999886397703,2019-09-29 10:02:42.348
235851,235851,1569776580214,1569997439760.0,685,29,0.04061624649859944,8.485562488211144,8.73061828707648,0.0,8.73061828707648,2019-09-29 10:03:00.214
235852,235852,1569776622609,1569776677579.0,1,1,0.5,99.9551826808796,99.99997364660662,49.99997478262959,49.99999886397703,2019-09-29 10:03:42.609
235853,235853,1569776805105,1569992724142.0,71,15,0.1744186046511628,37.40375260893334,43.060355044196776,6.250764350568261e-08,43.06035498168913,2019-09-29 10:06:45.105
235854,235854,1569776934279,1569997293344.0,737,44,0.056338028169014086,10.935160915406152,11.520743158792078,0.0,11.520743158792078,2019-09-29 10:08:54.279
235855,235855,1569776945195,1569990745363.0,92,13,0.12380952380952381,25.951920506281663,30.246944185167973,1.7208456881689926e-12,30.246944185166253,2019-09-29 10:09:05.195
235856,235856,1569776989984,1569777001846.0,1,1,0.5,99.9551826808796,99.99997364660662,49.99997478262959,49.99999886397703,2019-09-29 10:09:49.984
235857,235857,1569777056313,1569974681473.0,13,1,0.07142857142857142,56.83770961248433,64.84072951098766,49.98982865109724,14.850900859890414,2019-09-29 10:10:56.313
235858,235858,1569777173958,1569980426133.0,35,6,0.14634146341463414,31.44238696240007,40.62485118820724,3.7929090010621724,36.83194218714507,2019-09-29 10:12:53.958
235859,235859,1569777854893,1569993168725.0,68,3,0.04225352112676056,8.718771201417823,8.990413445710226,2.801398224505647e-07,8.990413165570404,2019-09-29 10:24:14.893
235860,235860,1569778063004,1569986140528.0,15,0,0.0,39.01159902296649,54.13099589284994,49.97236106815382,4.158634824696119,2019-09-29 10:27:43.004
235861,235861,1569778143384,1569998087770.0,1270,145,0.10247349823321555,20.66269473990974,23.544953403247305,0.0,23.544953403247305,2019-09-29 10:29:03.384
235862,235862,1569778145768,1569977653744.0,2,0,0.0,54.12598655781849,54.158593248294736,49.99995842359862,4.158634824696119,2019-09-29 10:29:05.768
235863,235863,1569778224386,1569998117494.0,1036,47,0.04339796860572484,8.884765686844364,9.176109917969479,0.0,9.176109917969479,2019-09-29 10:30:24.386
235864,235864,1569778248340,1569997028940.0,31,10,0.24390243902439024,46.16799274052355,68.02218804016825,18.87703343990727,49.14515460026097,2019-09-29 10:30:48.340
235865,235865,1569778370649,1569983375334.0,24,2,0.07692307692307693,16.097122192246115,63.85189019164895,47.628706341121664,16.22318385052729,2019-09-29 10:32:50.649
235866,235866,1569778542427,1569780237046.0,14,0,0.0,43.72820845839388,54.1418673181728,49.98323249347668,4.158634824696119,2019-09-29 10:35:42.427
235867,235867,1569778558607,1569986196315.0,40,16,0.2857142857142857,48.24621156182328,50.15043055124244,0.3346425462142366,49.8157880050282,2019-09-29 10:35:58.607
235868,235868,1569778593522,1569983363137.0,21,0,0.0,9.297836070558715,53.609287693166465,49.45065286847034,4.158634824696119,2019-09-29 10:36:33.522
235869,235869,1569778632657,1569985953658.0,87,2,0.02247191011235955,6.224605639092683,6.281130170401706,2.0972112935169207e-11,6.2811301703807345,2019-09-29 10:37:12.657
235873,235873,1569778691210,1569983375334.0,33,0,0.0,4.172828943287017,13.279911015013937,9.121276190317818,4.158634824696119,2019-09-29 10:38:11.210
235874,235874,1569778777870,1569995305913.0,248,10,0.03875968992248062,8.227155118985237,8.44426246244474,0.0,8.44426246244474,2019-09-29 10:39:37.870
235875,235875,1569778872502,1569974681474.0,4,0,0.0,54.06998709495652,54.158521808481225,49.9998869837851,4.158634824696119,2019-09-29 10:41:12.502
235876,235876,1569778985357,1569991225169.0,74,7,0.08641975308641975,16.906878073586153,18.7818567023395,1.3947343280307223e-08,18.781856688392157,2019-09-29 10:43:05.357
235877,235877,1569779005103,1569997973957.0,72,11,0.13253012048192772,28.116238443630625,32.913065044074756,3.791280622778004e-08,32.91306500616195,2019-09-29 10:43:25.103
235878,235878,1569779099745,1569779603815.0,11,4,0.26666666666666666,94.69602888034873,99.616540142433,49.99625768862447,49.62028245380853,2019-09-29 10:44:59.745
235879,235879,1569779159377,1569997089343.0,1196,24,0.019672131147540985,5.925807841452282,5.967172661882664,0.0,5.967172661882664,2019-09-29 10:45:59.377
235880,235880,1569779503889,1569993731877.0,75,3,0.038461538461538464,8.18625057841502,8.399080751763268,8.459488665124582e-09,8.399080743303779,2019-09-29 10:51:43.889
235881,235881,1569779515265,1569996061351.0,526,46,0.08041958041958042,15.591171046314797,17.13876802271121,0.0,17.13876802271121,2019-09-29 10:51:55.265
235882,235882,1569779704190,1569995600049.0,27,6,0.18181818181818182,39.03008106809043,85.14797660821704,40.878723809682185,44.26925279853485,2019-09-29 10:55:04.190
235883,235883,1569779758736,1569822326094.0,10,0,0.0,52.43637504138556,54.156364931260995,49.99773010656488,4.158634824696119,2019-09-29 10:55:58.736
235884,235884,1569779903171,1569987150236.0,19,0,0.0,16.03153624189125,53.95512793890131,49.79649311420519,4.158634824696119,2019-09-29 10:58:23.171
235887,235887,1569780188323,1569980125663.0,40,5,0.1111111111111111,22.78404084873997,26.58360192016124,0.3346425462142366,26.248959373947002,2019-09-29 11:03:08.323
235888,235888,1569780313094,1569780341214.0,3,1,0.25,96.48927388221728,99.30821187430703,49.999931452139656,49.30828042216737,2019-09-29 11:05:13.094
235889,235889,1569780614004,1569996403576.0,76,4,0.05,9.89080557207744,10.315046793732822,5.130940117226146e-09,10.315046788601881,2019-09-29 11:10:14.004
235890,235890,1569780727976,1569994899906.0,520,35,0.06306306306306306,12.127600266799266,12.924360897094628,0.0,12.924360897094628,2019-09-29 11:12:07.976
235891,235891,1569780754254,1569976278781.0,16,2,0.1111111111111111,51.91212242857702,76.20340681422698,49.95444744027997,26.248959373947002,2019-09-29 11:12:34.254
235892,235892,1569780775363,1569997830200.0,4588,644,0.12308868501529052,25.77192579766961,30.02229598274103,0.0,30.02229598274103,2019-09-29 11:12:55.363
235893,235893,1569780779692,1569980591410.0,7,2,0.2222222222222222,93.87439862316391,98.24527631899555,49.99949350045096,48.24578281854459,2019-09-29 11:12:59.692
235894,235894,1569780782376,1569978169921.0,88,3,0.03296703296703297,7.461460268912045,7.60527526092342,1.2723155862204294e-11,7.605275260910697,2019-09-29 11:13:02.376
235895,235895,1569780886565,1569992543565.0,127,15,0.1056338028169014,21.432956791192346,24.527615286568118,0.0,24.527615286568118,2019-09-29 11:14:46.565
235896,235896,1569780910142,1569976993291.0,20,1,0.047619047619047616,17.461868613266052,59.55616302585667,49.66535745378576,9.890805572070912,2019-09-29 11:15:10.142
235897,235897,1569781074786,1569974460791.0,68,18,0.20930232558139536,42.82209415004628,47.37774448005526,2.801398224505647e-07,47.37774419991544,2019-09-29 11:17:54.786
235898,235898,1569781084788,1569989506817.0,17,0,0.0,27.08011066385613,54.08357571185927,49.924940887163146,4.158634824696119,2019-09-29 11:18:04.788
235899,235899,1569781292536,1569981860027.0,42,2,0.045454545454545456,9.189423579535335,9.642044527052025,0.12363115783173284,9.518413369220292,2019-09-29 11:21:32.536
235900,235900,1569781335269,1569997895610.0,3096,258,0.07692307692307693,14.850900859890414,16.22318385052729,0.0,16.22318385052729,2019-09-29 11:22:15.269
235901,235901,1569781342755,1569987143934.0,36,1,0.02702702702702703,6.741471274263707,9.197618827684432,2.371293658878332,6.8263251688060995,2019-09-29 11:22:22.755
235902,235902,1569781442578,1569995876284.0,83,6,0.06741573033707865,12.945079520445798,13.9018783557632,1.5494272531668685e-10,13.901878355608257,2019-09-29 11:24:02.578
235903,235903,1569781522235,1569781653633.0,3,3,0.5,99.92118484403065,99.99993031611669,49.999931452139656,49.99999886397703,2019-09-29 11:25:22.235
235904,235904,1569781746403,1569980724666.0,7,0,0.0,53.763780649325184,54.158128325147075,49.99949350045096,4.158634824696119,2019-09-29 11:29:06.403
235905,235905,1569781808547,1569975055809.0,8,1,0.1111111111111111,72.13592572892648,76.24812430285459,49.9991649289076,26.248959373947002,2019-09-29 11:30:08.547
235906,235906,1569781882784,1569996764070.0,30,4,0.11764705882352941,24.47542405053477,53.31371970977196,25.0,28.313719709771963,2019-09-29 11:31:22.784
235907,235907,1569781891863,1569997702625.0,1408,185,0.11613308223477715,24.033752122548194,27.835754612604035,0.0,27.835754612604035,2019-09-29 11:31:31.863
235908,235908,1569781944479,1569995783350.0,154,23,0.12994350282485875,27.47771509247598,32.13397465517926,0.0,32.13397465517926,2019-09-29 11:32:24.479
235909,235909,1569782072564,1569782099348.0,2,2,0.5,99.9423416777684,99.99995728757565,49.99995842359862,49.99999886397703,2019-09-29 11:34:32.564
235911,235911,1569782122893,1569993196539.0,23,1,0.041666666666666664,10.656583445047387,57.43089250282935,48.53438846243218,8.896504040397165,2019-09-29 11:35:22.893
235910,235910,1569782099945,1569980108818.0,10,0,0.0,52.43637504138556,54.156364931260995,49.99773010656488,4.158634824696119,2019-09-29 11:34:59.945
236280,236280,1569818160548,1569818165539.0,1,0,0.0,54.138827560929684,54.158609607325715,49.99997478262959,4.158634824696119,2019-09-29 21:36:00.548
236220,236220,1569811527753,1569820603028.0,5,0,0.0,54.01264733507651,54.15844849273191,49.99981366803579,4.158634824696119,2019-09-29 19:45:27.753
236291,236291,1569819825351,1569992631040.0,79,16,0.16842105263157894,36.2402334122906,41.948828594118865,1.1448619829934614e-09,41.948828592974,2019-09-29 22:03:45.351
236279,236279,1569818083282,1569974892914.0,6,0,0.0,53.91839718033815,54.158327615966,49.99969279126989,4.158634824696119,2019-09-29 21:34:43.282
236264,236264,1569815321320,,0,0,NaN,49.987984414359055,49.999984704888654,49.999984704888654,0.0,2019-09-29 20:48:41.320
236292,236292,1569819950665,1569969012826.0,3,1,0.25,96.48927388221728,99.30821187430703,49.999931452139656,49.30828042216737,2019-09-29 22:05:50.665
236236,236236,1569813057863,1569993731877.0,25,3,0.10714285714285714,22.566667016455053,71.20709099893782,46.20709099893782,25.0,2019-09-29 20:10:57.863
236219,236219,1569811498632,1569992166000.0,12,0,0.0,49.73865096434321,54.152465095896815,49.99383027120069,4.158634824696119,2019-09-29 19:44:58.632
236221,236221,1569811624706,1569996885694.0,112,33,0.22758620689655173,44.79148905883407,48.524192431919445,0.0,48.524192431919445,2019-09-29 19:47:04.706
236269,236269,1569816216628,1569974681476.0,6,0,0.0,53.91839718033815,54.158327615966,49.99969279126989,4.158634824696119,2019-09-29 21:03:36.628
236293,236293,1569820122639,1569987968754.0,28,13,0.3170731707317073,49.21988099884637,86.5018668470164,36.55292893150025,49.948937915516154,2019-09-29 22:08:42.639
236294,236294,1569820221079,1569995195814.0,29,19,0.3958333333333333,49.9045345777155,81.12184321879968,31.12296656009273,49.99887665870695,2019-09-29 22:10:21.079
236295,236295,1569820338019,1569989476358.0,64,7,0.09859154929577464,19.72818194010262,22.353702663323485,2.0699687797165467e-06,22.353700593354706,2019-09-29 22:12:18.019
236296,236296,1569820477934,1569996625311.0,57,4,0.06557377049180328,12.594810561578553,13.481660890060352,6.854786034904414e-05,13.481592342200003,2019-09-29 22:14:37.934
236275,236275,1569817396530,1569997097842.0,363,28,0.07161125319693094,13.766211336572475,14.895185195617152,0.0,14.895185195617152,2019-09-29 21:23:16.530
236250,236250,1569814361624,1569814500412.0,0,1,1.0,99.98798327833609,99.99998356886567,49.999984704888654,49.99999886397703,2019-09-29 20:32:41.624
236297,236297,1569820781158,1569990398678.0,180,21,0.1044776119402985,21.15027246019369,24.166975171529433,0.0,24.166975171529433,2019-09-29 22:19:41.158
236298,236298,1569820998767,1569992677798.0,95,11,0.10377358490566038,20.978628206712997,23.947990033994678,3.885780586188048e-13,23.94799003399429,2019-09-29 22:23:18.767
236270,236270,1569816344776,1569995744274.0,131,8,0.05755395683453238,11.144349922542608,11.764967163158262,0.0,11.764967163158262,2019-09-29 21:05:44.776
236238,236238,1569813269518,1569970839178.0,17,0,0.0,27.08011066385613,54.08357571185927,49.924940887163146,4.158634824696119,2019-09-29 20:14:29.518
236199,236199,1569808949832,1569993161604.0,68,2,0.02857142857142857,6.920427232583655,7.021249294878771,2.801398224505647e-07,7.021249014738949,2019-09-29 19:02:29.832
236299,236299,1569821544338,1569997991458.0,289,17,0.05555555555555555,10.802046864073949,11.365796806917967,0.0,11.365796806917967,2019-09-29 22:32:24.338
236300,236300,1569821773081,1569985188240.0,33,1,0.029411764705882353,7.0354431333298475,16.250797243371505,9.121276190317818,7.129521053053687,2019-09-29 22:36:13.081
236301,236301,1569822073854,1569976472005.0,14,10,0.4166666666666667,89.4374419776214,99.98288809050896,49.98323249347668,49.99965559703228,2019-09-29 22:41:13.854
236302,236302,1569822167790,1569822181344.0,1,0,0.0,54.138827560929684,54.158609607325715,49.99997478262959,4.158634824696119,2019-09-29 22:42:47.790
236303,236303,1569822831005,,0,0,NaN,49.987984414359055,49.999984704888654,49.999984704888654,0.0,2019-09-29 22:53:51.005
236932,236932,1569944714921,1569998048640.0,862,57,0.062023939064200215,11.937714654837563,12.699025448281844,0.0,12.699025448281844,2019-10-01 08:45:14.921
236973,236973,1569950316185,1569997089343.0,1096,103,0.08590492076730609,16.791851041838147,18.637491529125807,0.0,18.637491529125807,2019-10-01 10:18:36.185
236974,236974,1569950462078,1569997089343.0,1520,115,0.07033639143730887,13.513312363040658,14.588096783778376,0.0,14.588096783778376,2019-10-01 10:21:02.078
236916,236916,1569940650178,1569985885409.0,38,10,0.20833333333333334,42.703297855701855,48.19905346316807,0.8993104981045774,47.299742965063494,2019-10-01 07:37:30.178
236933,236933,1569944728141,1569996709878.0,52,5,0.08771929824561403,17.198930263248023,19.14978299950697,0.0008350710923976656,19.148947928414575,2019-10-01 08:45:28.141
236965,236965,1569948322438,1569996018535.0,301,8,0.025889967637540454,6.606815354504357,6.686125003861084,0.0,6.686125003861084,2019-10-01 09:45:22.438
236985,236985,1569952719118,1569962714414.0,29,0,0.0,4.2633260804790645,35.28160138478885,31.12296656009273,4.158634824696119,2019-10-01 10:58:39.118
236984,236984,1569952281244,1569996281476.0,482,16,0.0321285140562249,7.355627084430441,7.490451882962007,0.0,7.490451882962007,2019-10-01 10:51:21.244
236986,236986,1569952932577,1569998123787.0,10058,846,0.07758620689655173,14.989732991390191,16.394354792891562,0.0,16.394354792891562,2019-10-01 11:02:12.577
236988,236988,1569953406112,1569956998672.0,16,0,0.0,33.287145147811856,54.113082264976086,49.95444744027997,4.158634824696119,2019-10-01 11:10:06.112
236980,236980,1569951841969,1569997671680.0,664,39,0.05547652916073969,10.788668387966196,11.350244137172636,0.0,11.350244137172636,2019-10-01 10:44:01.969
236970,236970,1569949281860,1569997844907.0,1334,110,0.07617728531855955,14.695653741268014,16.03208269221403,0.0,16.03208269221403,2019-10-01 10:01:21.860
236957,236957,1569947675435,1569981944111.0,91,6,0.061855670103092786,11.907158550116,12.66282747949565,2.8421709430404007e-12,12.662827479492808,2019-10-01 09:34:35.435
236994,236994,1569954140913,1569996983971.0,325,13,0.038461538461538464,8.186250578404252,8.399080743303779,0.0,8.399080743303779,2019-10-01 11:22:20.913
236953,236953,1569947401624,1569996290632.0,349,14,0.03856749311294766,8.200768137073373,8.415111709744986,0.0,8.415111709744986,2019-10-01 09:30:01.624
236939,236939,1569946164382,1569997876834.0,822,50,0.05733944954128441,11.107239636518425,11.72157744907299,0.0,11.72157744907299,2019-10-01 09:09:24.382
236937,236937,1569945852322,1569995616526.0,425,10,0.022988505747126436,6.2811301703807345,6.340785158298419,0.0,6.340785158298419,2019-10-01 09:04:12.322
236990,236990,1569953671229,1569997462873.0,646,38,0.05555555555555555,10.802046864073949,11.365796806917967,0.0,11.365796806917967,2019-10-01 11:14:31.229
236934,236934,1569945051136,1569995281532.0,92,2,0.02127659574468085,6.095488981525902,6.14517572557979,1.7208456881689926e-12,6.145175725578069,2019-10-01 08:50:51.136
237083,237083,1569968298521,1569997718082.0,1537,59,0.03696741854636591,7.9837271443329865,8.175977067672592,0.0,8.175977067672592,2019-10-01 15:18:18.521
237098,237098,1569969704309,1569996928239.0,526,54,0.09310344827586207,18.433450374713864,20.70831883454894,0.0,20.70831883454894,2019-10-01 15:41:44.309
237124,237124,1569971812664,1569997226854.0,4408,400,0.08319467554076539,16.192806671804995,17.887790081817965,0.0,17.887790081817965,2019-10-01 16:16:52.664
237092,237092,1569969103944,1569991433290.0,732,16,0.0213903743315508,6.107679210124423,6.157992885948927,0.0,6.157992885948927,2019-10-01 15:31:43.944
237110,237110,1569970420474,1569976047943.0,1485,0,0.0,4.158634824696119,4.158634824696119,0.0,4.158634824696119,2019-10-01 15:53:40.474
237123,237123,1569971729097,1569998029847.0,9882,1044,0.09555189456342669,19.006904938851914,21.43609841825157,0.0,21.43609841825157,2019-10-01 16:15:29.097
237146,237146,1569973854517,1569998123787.0,3048,262,0.07915407854984895,15.320909156602427,16.803693625895875,0.0,16.803693625895875,2019-10-01 16:50:54.517
237095,237095,1569969447423,1569998039261.0,1751,74,0.040547945205479455,8.475942539829068,8.719929301280304,0.0,8.719929301280304,2019-10-01 15:37:27.423
237125,237125,1569971847016,1569971873978.0,0,2,1.0,99.98798327833609,99.99998356886567,49.999984704888654,49.99999886397703,2019-10-01 16:17:27.016
237134,237134,1569972564577,1569998080401.0,4812,228,0.04523809523809524,9.156840966296953,9.481861522988867,0.0,9.481861522988867,2019-10-01 16:29:24.577
237127,237127,1569972049194,,0,0,NaN,49.987984414359055,49.999984704888654,49.999984704888654,0.0,2019-10-01 16:20:49.194
237129,237129,1569972139233,1569998073991.0,28160,3696,0.11602209944751381,24.006049072386055,27.800694527231002,0.0,27.800694527231002,2019-10-01 16:22:19.233
237093,237093,1569969137253,1569991433290.0,176,2,0.011235955056179775,5.099616940609321,5.111323150394464,0.0,5.111323150394464,2019-10-01 15:32:17.253
237099,237099,1569969712088,1569997600624.0,363,22,0.05714285714285714,11.073306276712906,11.681926375418465,0.0,11.681926375418465,2019-10-01 15:41:52.088
237103,237103,1569970052191,1569996598966.0,275,3,0.01079136690647482,5.059041020814394,5.069757283374039,0.0,5.069757283374039,2019-10-01 15:47:32.191
237104,237104,1569970141135,1569996203098.0,282,2,0.007042253521126761,4.728134979823705,4.732413037860126,0.0,4.732413037860126,2019-10-01 15:49:01.135
237122,237122,1569971720398,1569997600625.0,431,62,0.1257606490872211,26.438571320366233,30.852317303324465,0.0,30.852317303324465,2019-10-01 16:15:20.398
237081,237081,1569968052417,1569998039260.0,2000,137,0.06410856340664482,12.320712678278364,13.154205208328989,0.0,13.154205208328989,2019-10-01 15:14:12.417
237089,237089,1569968917446,1569991690128.0,53,2,0.03636363636363636,7.9030457065256075,8.087880628866449,0.0005064995490411395,8.087374129317407,2019-10-01 15:28:37.446
237088,237088,1569968906993,1569998080402.0,1816,109,0.056623376623376624,10.983997277921969,11.577679668306837,0.0,11.577679668306837,2019-10-01 15:28:26.993
237105,237105,1569970141609,1569971155822.0,25,0,0.0,4.921992518714842,50.36572582363394,46.20709099893782,4.158634824696119,2019-10-01 15:49:01.609
237106,237106,1569970184785,1569970771104.0,1,5,0.8333333333333334,99.98016089168334,99.99997364660662,49.99997478262959,49.99999886397703,2019-10-01 15:49:44.785
237120,237120,1569971422127,1569997268831.0,6376,360,0.05344418052256532,10.44873806251837,10.956313074710193,0.0,10.956313074710193,2019-10-01 16:10:22.127
237126,237126,1569971918937,1569972037659.0,2,1,0.3333333333333333,99.27563215528974,99.97494836824464,49.99995842359862,49.974989944646026,2019-10-01 16:18:38.937
237067,237067,1569966449493,1569982212863.0,123,0,0.0,4.158634824696119,4.158634824696119,0.0,4.158634824696119,2019-10-01 14:47:29.493
237055,237055,1569965037180,1569992244410.0,78,1,0.012658227848101266,5.231365474473301,5.246587924274145,1.8875678797769524e-09,5.246587922386578,2019-10-01 14:23:57.180
237028,237028,1569962625184,1569997934160.0,435,8,0.01805869074492099,5.759315569178952,5.793250704759662,0.0,5.793250704759662,2019-10-01 13:43:45.184
237049,237049,1569964518218,1569997718082.0,895,39,0.0417558886509636,8.647359754168292,8.910724348365733,0.0,8.910724348365733,2019-10-01 14:15:18.218
237061,237061,1569965795974,1569997600624.0,753,25,0.032133676092544985,7.356274791004839,7.49115375710067,0.0,7.49115375710067,2019-10-01 14:36:35.974
237011,237011,1569958608401,1569987091156.0,43,0,0.0,4.158730490889841,4.233693937532969,0.07505911283685052,4.158634824696119,2019-10-01 12:36:48.401
237026,237026,1569962320200,1569991327220.0,204,24,0.10526315789473684,21.34223036044717,24.411873237380703,0.0,24.411873237380703,2019-10-01 13:38:40.200
237075,237075,1569967781036,1569996719539.0,97,2,0.020202020202020204,5.981389582208991,6.0253971453312385,1.4432899320127035e-13,6.025397145331095,2019-10-01 15:09:41.036
237085,237085,1569968517915,1569997268831.0,521,56,0.09705372616984402,19.362038080601764,21.88763182219218,0.0,21.88763182219218,2019-10-01 15:21:57.915
237101,237101,1569969822104,1569997947179.0,218,22,0.09166666666666666,18.10031646695081,20.28643335215619,0.0,20.28643335215619,2019-10-01 15:43:42.104
237111,237111,1569970456567,1569996583703.0,3651,138,0.03642121931908155,7.910711084490527,8.095785913520352,0.0,8.095785913520352,2019-10-01 15:54:16.567
237112,237112,1569970507893,1569995921271.0,1956,108,0.05232558139534884,10.265032539285409,10.744432891357109,0.0,10.744432891357109,2019-10-01 15:55:07.893
237114,237114,1569970837290,1569977802811.0,315,0,0.0,4.158634824696119,4.158634824696119,0.0,4.158634824696119,2019-10-01 16:00:37.290
237113,237113,1569970643765,1569975652715.0,584,0,0.0,4.158634824696119,4.158634824696119,0.0,4.158634824696119,2019-10-01 15:57:23.765
237116,237116,1569970856953,1569998015046.0,12056,628,0.049511195206559444,9.81346871635342,10.226690205762738,0.0,10.226690205762738,2019-10-01 16:00:56.953
237084,237084,1569968389801,1569992684035.0,139,5,0.034722222222222224,7.687053482783535,7.850963650000054,0.0,7.850963650000054,2019-10-01 15:19:49.801
237107,237107,1569970237879,1569998040225.0,168,0,0.0,4.158634824696119,4.158634824696119,0.0,4.158634824696119,2019-10-01 15:50:37.879
237087,237087,1569968868252,1569971984443.0,55,0,0.0,4.158635061829354,4.158821156660327,0.0001863319642081418,4.158634824696119,2019-10-01 15:27:48.252
237121,237121,1569971539568,1569995585646.0,2720,240,0.08108108108108109,15.733474391909642,17.315554191071403,0.0,17.315554191071403,2019-10-01 16:12:19.568
237119,237119,1569970936873,1569991433290.0,1356,90,0.06224066390041494,11.97714913395538,12.745766884060316,0.0,12.745766884060316,2019-10-01 16:02:16.873
237136,237136,1569972641317,1569995886564.0,273,33,0.10784313725490197,21.975668451080242,25.2197745580247,0.0,25.2197745580247,2019-10-01 16:30:41.317
237137,237137,1569972677841,1569998112570.0,6288,448,0.0665083135391924,12.771735278198376,13.693618401481821,0.0,13.693618401481821,2019-10-01 16:31:17.841
237132,237132,1569972350125,1569998052030.0,15652,1547,0.08994708994708994,17.705081569070185,19.786896277165535,0.0,19.786896277165535,2019-10-01 16:25:50.125
237133,237133,1569972367310,1569997975616.0,2320,270,0.10424710424710425,21.094032086085914,24.095222920951887,0.0,24.095222920951887,2019-10-01 16:26:07.310
237143,237143,1569973388971,1569995305913.0,507,39,0.07142857142857142,13.729792460731119,14.850900859890414,0.0,14.850900859890414,2019-10-01 16:43:08.971
237148,237148,1569974051761,1569992474735.0,1232,0,0.0,4.158634824696119,4.158634824696119,0.0,4.158634824696119,2019-10-01 16:54:11.761
237100,237100,1569969744511,1569997907011.0,1094,63,0.05445116681071737,10.616172941130488,11.15004613168869,0.0,11.15004613168869,2019-10-01 15:42:24.511
237141,237141,1569972966879,1569995584316.0,805,120,0.12972972972972974,27.424785632662996,32.069088401546594,0.0,32.069088401546594,2019-10-01 16:36:06.879
237130,237130,1569972177561,1569997697101.0,18948,1200,0.05955926146515783,11.495541540218705,12.176934622303856,0.0,12.176934622303856,2019-10-01 16:22:57.561
237149,237149,1569974168832,1569997972207.0,32868,2232,0.06358974358974359,12.224624511067159,13.039755192180758,0.0,13.039755192180758,2019-10-01 16:56:08.832
237034,237034,1569963605391,1569998080401.0,5048,404,0.07410124724871607,14.268533519833912,15.508056782068872,0.0,15.508056782068872,2019-10-01 14:00:05.391
237054,237054,1569965024657,1569996068001.0,579,36,0.05853658536585366,11.315475864128071,11.96540397015148,0.0,11.96540397015148,2019-10-01 14:23:44.657
237032,237032,1569963373684,1569969913903.0,29,0,0.0,4.2633260804790645,35.28160138478885,31.12296656009273,4.158634824696119,2019-10-01 13:56:13.684
237079,237079,1569968025225,1569997949372.0,1336,70,0.049786628733997154,9.856990432132049,10.276397199524617,0.0,10.276397199524617,2019-10-01 15:13:45.225
236993,236993,1569954002061,1569982936840.0,31,0,0.0,4.197199627810479,23.035668264603387,18.87703343990727,4.158634824696119,2019-10-01 11:20:02.061
237074,237074,1569967697280,1569997696645.0,358,31,0.07969151670951156,15.435365837495695,16.94548855029047,0.0,16.94548855029047,2019-10-01 15:08:17.280
237073,237073,1569967561331,1569998123787.0,3052,255,0.07710916238282431,14.889784519654633,16.271098849847668,0.0,16.271098849847668,2019-10-01 15:06:01.331
237050,237050,1569964659665,1569987967332.0,131,9,0.06428571428571428,12.353638129023139,13.193460932696224,0.0,13.193460932696224,2019-10-01 14:17:39.665
237097,237097,1569969639784,1569991260136.0,95,0,0.0,4.158634824696119,4.158634824696508,3.885780586188048e-13,4.158634824696119,2019-10-01 15:40:39.784
237108,237108,1569970359686,1569982553544.0,29,0,0.0,4.2633260804790645,35.28160138478885,31.12296656009273,4.158634824696119,2019-10-01 15:52:39.686
237109,237109,1569970406140,1569998027422.0,3057,170,0.052680508211961574,10.323060811116806,10.81128357167675,0.0,10.81128357167675,2019-10-01 15:53:26.140
237115,237115,1569970848917,1569996460580.0,7884,405,0.048859934853420196,9.711140163228903,10.109983006740269,0.0,10.109983006740269,2019-10-01 16:00:48.917
237118,237118,1569970904763,1569997521712.0,7260,318,0.04196357878068092,8.67710738544597,8.943905480916559,0.0,8.943905480916559,2019-10-01 16:01:44.763
237117,237117,1569970867384,1569996099593.0,5665,616,0.09807355516637478,19.60457797500596,22.19630961006687,0.0,22.19630961006687,2019-10-01 16:01:07.384
237142,237142,1569973023761,1569997975616.0,1440,30,0.02040816326530612,6.003134017020131,6.048197546274201,0.0,6.048197546274201,2019-10-01 16:37:03.761
237135,237135,1569972622443,1569997675213.0,3980,80,0.019704433497536946,5.92918330224337,5.9707062996869045,0.0,5.9707062996869045,2019-10-01 16:30:22.443
237131,237131,1569972288913,1569996061353.0,4284,387,0.08285163776493257,16.117781505576488,17.79416204087882,0.0,17.79416204087882,2019-10-01 16:24:48.913
237037,237037,1569963795276,1569998033225.0,1491,58,0.03744351194318916,8.047815879315841,8.24647075757123,0.0,8.24647075757123,2019-10-01 14:03:15.276
237060,237060,1569965679404,1569987382990.0,116,1,0.008547008547008548,4.858554494406524,4.8650222929341975,0.0,4.8650222929341975,2019-10-01 14:34:39.404
237021,237021,1569959430221,1569998059623.0,1154,31,0.026160337552742614,6.637882098759109,6.719209988053472,0.0,6.719209988053472,2019-10-01 12:50:30.221
237038,237038,1569963800238,1569979525082.0,48,0,0.0,4.158642677469295,4.1648045534954345,0.006169728799315655,4.158634824696119,2019-10-01 14:03:20.238
237031,237031,1569963044734,1569963970149.0,13,1,0.07142857142857142,56.83770961248433,64.84072951098766,49.98982865109724,14.850900859890414,2019-10-01 13:50:44.734
237042,237042,1569963924519,1569995591897.0,671,50,0.06934812760055478,13.319291909505202,14.353194199189351,0.0,14.353194199189351,2019-10-01 14:05:24.519
237052,237052,1569964836568,1569991278790.0,125,1,0.007936507936507936,4.805258765831125,4.810777085534643,0.0,4.810777085534643,2019-10-01 14:20:36.568
237071,237071,1569967461551,1569971984442.0,408,18,0.04225352112676056,8.718771201061308,8.990413165570404,0.0,8.990413165570404,2019-10-01 15:04:21.551
237070,237070,1569967371272,1569995952633.0,618,37,0.05648854961832061,10.960902613893387,11.550748429789653,0.0,11.550748429789653,2019-10-01 15:02:51.272
237150,237150,1569974415549,1569982953133.0,210,12,0.05405405405405406,10.549910671398823,11.073306276712906,0.0,11.073306276712906,2019-10-01 17:00:15.549
237151,237151,1569974428085,1569995584315.0,2048,112,0.05185185185185185,10.18795825769562,10.655751568812342,0.0,10.655751568812342,2019-10-01 17:00:28.085
237154,237154,1569974438714,1569996523528.0,1295,70,0.05128205128205128,10.095825069318106,10.549910671398823,0.0,10.549910671398823,2019-10-01 17:00:38.714
237156,237156,1569974445573,1569996644426.0,4616,176,0.03672787979966611,7.951638554008151,8.140719180952082,0.0,8.140719180952082,2019-10-01 17:00:45.573
237158,237158,1569974488325,1569998106830.0,9882,1116,0.10147299509001637,20.42052606251743,23.236087008513,0.0,23.236087008513,2019-10-01 17:01:28.325
237159,237159,1569974638601,1569998100186.0,1043,104,0.09067131647776809,17.871069950062534,19.996549757024635,0.0,19.996549757024635,2019-10-01 17:03:58.601
237160,237160,1569974857522,1569997827562.0,18172,869,0.04563835932986713,9.216871515366913,9.549551546799826,0.0,9.549551546799826,2019-10-01 17:07:37.522
237163,237163,1569975027782,1569996693067.0,2925,72,0.024024024024024024,6.395757785664697,6.4620165704426595,0.0,6.4620165704426595,2019-10-01 17:10:27.782
237162,237162,1569975028783,1569995305913.0,452,22,0.046413502109704644,9.333990564907072,9.681850534604983,0.0,9.681850534604983,2019-10-01 17:10:28.783
237165,237165,1569975087511,1569998093326.0,1092,12,0.010869565217391304,5.066157067402183,5.07704377602684,0.0,5.07704377602684,2019-10-01 17:11:27.511
237167,237167,1569975207566,1569997966957.0,1791,315,0.14957264957264957,32.184922995630345,37.677051498920804,0.0,37.677051498920804,2019-10-01 17:13:27.566
237169,237169,1569975237386,1569993731877.0,1274,7,0.00546448087431694,4.594762547816939,4.597268731898254,0.0,4.597268731898254,2019-10-01 17:13:57.386
237170,237170,1569975246033,1569998093326.0,480,0,0.0,4.158634824696119,4.158634824696119,0.0,4.158634824696119,2019-10-01 17:14:06.033
237171,237171,1569975280591,1569997819863.0,2735,140,0.04869565217391304,9.685455701341448,10.080725818025245,0.0,10.080725818025245,2019-10-01 17:14:40.591
237173,237173,1569975586799,1569996659473.0,642,57,0.0815450643776824,15.833705255070107,17.44021643224607,0.0,17.44021643224607,2019-10-01 17:19:46.799
237174,237174,1569975645698,1569975707770.0,72,48,0.4,49.815788005076456,49.99910739879382,3.791280622778004e-08,49.99910736088101,2019-10-01 17:20:45.698
237175,237175,1569975703390,1569998087939.0,202,6,0.028846153846153848,6.9532538022681205,7.056472886544192,0.0,7.056472886544192,2019-10-01 17:21:43.390
237176,237176,1569975811792,1569998093325.0,792,36,0.043478260869565216,8.896504040397165,9.18926585284264,0.0,9.18926585284264,2019-10-01 17:23:31.792
237177,237177,1569975889765,1569984301372.0,125,18,0.1258741258741259,26.466844723251835,30.88739373846245,0.0,30.88739373846245,2019-10-01 17:24:49.765
237181,237181,1569976558524,1569979120880.0,93,1,0.010638297872340425,5.045137409836084,5.055524535605125,1.0436096431476471e-12,5.055524535604081,2019-10-01 17:35:58.524
237182,237182,1569976824367,1569997600624.0,1216,48,0.0379746835443038,8.119808903409863,8.32577771863014,0.0,8.32577771863014,2019-10-01 17:40:24.367
237184,237184,1569977239788,1569997838826.0,11284,585,0.04928806133625411,9.778317563982855,10.186573779417792,0.0,10.186573779417792,2019-10-01 17:47:19.788
237183,237183,1569977204352,1569997600625.0,2760,210,0.0707070707070707,13.586543006735951,14.676914952294545,0.0,14.676914952294545,2019-10-01 17:46:44.352
237186,237186,1569977481650,1569996110888.0,618,12,0.01904761904761905,5.860875250656919,5.899255616816479,0.0,5.899255616816479,2019-10-01 17:51:21.650
237187,237187,1569977636006,1569997600624.0,404,44,0.09821428571428571,19.638132081811605,22.239030566136268,0.0,22.239030566136268,2019-10-01 17:53:56.006
237192,237192,1569977787518,1569982499659.0,191,0,0.0,4.158634824696119,4.158634824696119,0.0,4.158634824696119,2019-10-01 17:56:27.518
237193,237193,1569977871782,1569992522598.0,507,0,0.0,4.158634824696119,4.158634824696119,0.0,4.158634824696119,2019-10-01 17:57:51.782
237196,237196,1569978254391,1569995860219.0,75,1,0.013157894736842105,5.278359774016713,5.294948120255382,8.459488665124582e-09,5.294948111795893,2019-10-01 18:04:14.391
237197,237197,1569978278919,1569982797322.0,1710,0,0.0,4.158634824696119,4.158634824696119,0.0,4.158634824696119,2019-10-01 18:04:38.919
237198,237198,1569978354096,1569995705653.0,480,36,0.06976744186046512,13.401396531452495,14.452524868749803,0.0,14.452524868749803,2019-10-01 18:05:54.096
237201,237201,1569978480382,1569992515319.0,1040,35,0.03255813953488372,7.409695997524,7.549078760593277,0.0,7.549078760593277,2019-10-01 18:08:00.382
237204,237204,1569978973728,1569995510565.0,114,6,0.05,9.890805572070912,10.315046788601881,0.0,10.315046788601881,2019-10-01 18:16:13.728
237207,237207,1569979239508,1569994963125.0,178,5,0.0273224043715847,6.772820045305976,6.863202419636282,0.0,6.863202419636282,2019-10-01 18:20:39.508
237208,237208,1569979597794,1569998015045.0,6504,366,0.05327510917030567,10.420817342066485,10.924064190501026,0.0,10.924064190501026,2019-10-01 18:26:37.794
237210,237210,1569979722641,1569991942214.0,520,54,0.09407665505226481,18.660539690529383,20.996303084485643,0.0,20.996303084485643,2019-10-01 18:28:42.641
237211,237211,1569979786424,1569990099274.0,218,0,0.0,4.158634824696119,4.158634824696119,0.0,4.158634824696119,2019-10-01 18:29:46.424
237212,237212,1569979801629,1569998087770.0,596,49,0.07596899224806201,14.652464201550277,15.978977416508922,0.0,15.978977416508922,2019-10-01 18:30:01.629
237213,237213,1569979899783,1569982797323.0,204,48,0.19047619047619047,40.184541251544836,45.46815212956261,0.0,45.46815212956261,2019-10-01 18:31:39.783
237215,237215,1569980014121,1569997234549.0,340,56,0.1414141414141414,30.27317746106274,35.48695894559374,0.0,35.48695894559374,2019-10-01 18:33:34.121
237216,237216,1569980037313,1569997699047.0,567,44,0.07201309328968904,13.84653139167406,14.992924784256893,0.0,14.992924784256893,2019-10-01 18:33:57.313
237220,237220,1569980855984,1569998029846.0,7340,420,0.05412371134020619,10.56151174377514,11.086735132590817,0.0,11.086735132590817,2019-10-01 18:47:35.984
237221,237221,1569980907564,1569997612687.0,528,36,0.06382978723404255,12.269018763195227,13.092612094646604,0.0,13.092612094646604,2019-10-01 18:48:27.564
237223,237223,1569981063390,1569997933276.0,2236,184,0.07603305785123966,14.665740280907775,15.995298756289408,0.0,15.995298756289408,2019-10-01 18:51:03.390
237225,237225,1569981137594,1569997914788.0,627,45,0.06696428571428571,12.858648871674443,13.797974128774692,0.0,13.797974128774692,2019-10-01 18:52:17.594
237226,237226,1569981286227,1569995573479.0,295,13,0.04220779220779221,8.712189631504401,8.983063705210762,0.0,8.983063705210762,2019-10-01 18:54:46.227
237227,237227,1569981328748,1569997079003.0,862,38,0.042222222222222223,8.714266058929272,8.985382285636225,0.0,8.985382285636225,2019-10-01 18:55:28.748
237228,237228,1569981401825,1569985990837.0,1700,130,0.07103825136612021,13.652180408642433,14.756595860819166,0.0,14.756595860819166,2019-10-01 18:56:41.825
237230,237230,1569981606305,1569996314433.0,179,4,0.02185792349726776,6.157992885948927,6.210935297869699,0.0,6.210935297869699,2019-10-01 19:00:06.305
237231,237231,1569981613743,1569997268831.0,378,36,0.08695652173913043,17.027215142231707,18.933019246468827,0.0,18.933019246468827,2019-10-01 19:00:13.743
237232,237232,1569981667433,1569997749389.0,2718,48,0.01735357917570499,5.6878407676566916,5.718810623603146,0.0,5.718810623603146,2019-10-01 19:01:07.433
237233,237233,1569981966775,1569996821557.0,1608,104,0.06074766355140187,11.70729972799259,12.426500597163106,0.0,12.426500597163106,2019-10-01 19:06:06.775
237234,237234,1569982005407,1569997079003.0,687,6,0.008658008658008658,4.8683011208438245,4.874950729380982,0.0,4.874950729380982,2019-10-01 19:06:45.407
237235,237235,1569982142858,1569991639905.0,750,123,0.140893470790378,30.148665377066735,35.34111105467838,0.0,35.34111105467838,2019-10-01 19:09:02.858
237236,237236,1569982184944,1569996678961.0,141,2,0.013986013986013986,5.357065446539873,5.376072790122195,0.0,5.376072790122195,2019-10-01 19:09:44.944
237237,237237,1569982193668,1569997477153.0,1044,78,0.06951871657754011,13.35265572190133,14.39354472341871,0.0,14.39354472341871,2019-10-01 19:09:53.668
237238,237238,1569982205035,1569998077887.0,672,28,0.04,8.399080743303779,8.634605204147224,0.0,8.634605204147224,2019-10-01 19:10:05.035
237239,237239,1569982339371,1569997980075.0,1722,144,0.07717041800643087,14.902597064788136,16.28689176102411,0.0,16.28689176102411,2019-10-01 19:12:19.371
237240,237240,1569982500438,1569998030658.0,1015,156,0.1332194705380017,28.28574992074455,33.11870054228236,0.0,33.11870054228236,2019-10-01 19:15:00.438
237241,237241,1569982661905,1569982670470.0,24,0,0.0,5.40485615705182,51.78734116581778,47.628706341121664,4.158634824696119,2019-10-01 19:17:41.905
237242,237242,1569982670896,1569982688595.0,0,63,1.0,99.98798327833609,99.99998356886567,49.999984704888654,49.99999886397703,2019-10-01 19:17:50.896
237243,237243,1569982786195,1569993276396.0,170,7,0.03954802259887006,8.336100120217536,8.564795686271948,0.0,8.564795686271948,2019-10-01 19:19:46.195
237244,237244,1569982795680,1569986222387.0,920,0,0.0,4.158634824696119,4.158634824696119,0.0,4.158634824696119,2019-10-01 19:19:55.680
237246,237246,1569983215230,1569983231584.0,24,48,0.6666666666666666,51.245328693236715,97.6287052050987,47.628706341121664,49.99999886397703,2019-10-01 19:26:55.230
237247,237247,1569983474585,1569997600625.0,1220,70,0.05426356589147287,10.584832014388004,11.113738079448666,0.0,11.113738079448666,2019-10-01 19:31:14.585
237249,237249,1569983624923,1569996659472.0,447,51,0.10240963855421686,20.647212074466985,23.525204294551934,0.0,23.525204294551934,2019-10-01 19:33:44.923
237250,237250,1569983750759,1569998087769.0,1972,76,0.037109375,8.002793069385199,8.196937969760981,0.0,8.196937969760981,2019-10-01 19:35:50.759
237251,237251,1569983774408,1569998082700.0,324,27,0.07692307692307693,14.850900859890414,16.22318385052729,0.0,16.22318385052729,2019-10-01 19:36:14.408
237254,237254,1569984314609,1569996756063.0,281,10,0.03436426116838488,7.640596411151497,7.800265040593031,0.0,7.800265040593031,2019-10-01 19:45:14.609
237255,237255,1569984481802,1569996659474.0,3490,470,0.11868686868686869,24.671736039170035,28.64153442874863,0.0,28.64153442874863,2019-10-01 19:48:01.802
237258,237258,1569984674084,1569998019025.0,470,30,0.06,11.573760825049119,12.269018763195227,0.0,12.269018763195227,2019-10-01 19:51:14.084
237259,237259,1569984798476,1569996659472.0,699,15,0.02100840336134454,6.0668377547727355,6.115066318037467,0.0,6.115066318037467,2019-10-01 19:53:18.476
237261,237261,1569984834163,1569996035455.0,774,30,0.03731343283582089,8.030264267629073,8.227155118985237,0.0,8.227155118985237,2019-10-01 19:53:54.163
237262,237262,1569984941304,1569992299655.0,810,0,0.0,4.158634824696119,4.158634824696119,0.0,4.158634824696119,2019-10-01 19:55:41.304
237263,237263,1569985000759,1569989929899.0,1674,27,0.015873015873015872,5.540274517833913,5.565549519320334,0.0,5.565549519320334,2019-10-01 19:56:40.759
237264,237264,1569985011816,1569993599134.0,2142,0,0.0,4.158634824696119,4.158634824696119,0.0,4.158634824696119,2019-10-01 19:56:51.816
237265,237265,1569985019933,1569996659472.0,1160,40,0.03333333333333333,7.508085314492366,7.65594976963353,0.0,7.65594976963353,2019-10-01 19:56:59.933
237266,237266,1569985087632,1569992299653.0,1470,0,0.0,4.158634824696119,4.158634824696119,0.0,4.158634824696119,2019-10-01 19:58:07.632
237267,237267,1569985360616,1569993290879.0,235,0,0.0,4.158634824696119,4.158634824696119,0.0,4.158634824696119,2019-10-01 20:02:40.616
237268,237268,1569985399012,1569997718081.0,888,28,0.03056768558951965,7.161938635159665,7.281038577114921,0.0,7.281038577114921,2019-10-01 20:03:19.012
237271,237271,1569985748115,1569997838826.0,171,8,0.0446927374301676,9.075538472696211,9.390316987490115,0.0,9.390316987490115,2019-10-01 20:09:08.115
237272,237272,1569985830909,1569997107538.0,1700,0,0.0,4.158634824696119,4.158634824696119,0.0,4.158634824696119,2019-10-01 20:10:30.909
237273,237273,1569985847618,1569990060804.0,504,0,0.0,4.158634824696119,4.158634824696119,0.0,4.158634824696119,2019-10-01 20:10:47.618
237274,237274,1569985983295,1569992299653.0,1665,0,0.0,4.158634824696119,4.158634824696119,0.0,4.158634824696119,2019-10-01 20:13:03.295
237275,237275,1569986255299,1569997257461.0,340,50,0.1282051282051282,27.046691055040245,31.604302615703222,0.0,31.604302615703222,2019-10-01 20:17:35.299
237276,237276,1569986445488,1569997600625.0,125,11,0.08088235294117647,15.690649752932217,17.26232696968404,0.0,17.26232696968404,2019-10-01 20:20:45.488
237277,237277,1569986564365,1569997876834.0,1568,112,0.06666666666666667,12.801875433762099,13.729792460731119,0.0,13.729792460731119,2019-10-01 20:22:44.365
237279,237279,1569986699693,1569996983973.0,384,0,0.0,4.158634824696119,4.158634824696119,0.0,4.158634824696119,2019-10-01 20:24:59.693
237280,237280,1569986797768,1569997911156.0,333,0,0.0,4.158634824696119,4.158634824696119,0.0,4.158634824696119,2019-10-01 20:26:37.768
237281,237281,1569986810354,1569997675213.0,227,8,0.03404255319148936,7.599040926643761,7.754960830732579,0.0,7.754960830732579,2019-10-01 20:26:50.354
237282,237282,1569987056746,1569995631472.0,95,0,0.0,4.158634824696119,4.158634824696508,3.885780586188048e-13,4.158634824696119,2019-10-01 20:30:56.746
237284,237284,1569987279833,1569987561265.0,42,20,0.3225806451612903,49.14531232695367,50.08337900884557,0.12363115783173284,49.95974785101384,2019-10-01 20:34:39.833
237283,237283,1569987251707,1569995876020.0,370,0,0.0,4.158634824696119,4.158634824696119,0.0,4.158634824696119,2019-10-01 20:34:11.707
237286,237286,1569987594940,1569995952633.0,152,21,0.12138728323699421,25.34679856177301,29.490232790305193,0.0,29.490232790305193,2019-10-01 20:39:54.940
237287,237287,1569987747131,1569997268830.0,506,20,0.03802281368821293,8.126357869479543,8.33299824446061,0.0,8.33299824446061,2019-10-01 20:42:27.131
237289,237289,1569988110860,1569998087769.0,2780,300,0.09740259740259741,19.444884959872404,21.99304483332007,0.0,21.99304483332007,2019-10-01 20:48:30.860
237290,237290,1569988220122,1569997699048.0,2882,253,0.08070175438596491,15.651786849186184,17.21404266269054,0.0,17.21404266269054,2019-10-01 20:50:20.122
237291,237291,1569988421109,1569988478164.0,96,56,0.3684210526315789,49.654695312108316,49.99527429337942,2.3314683517128287e-13,49.99527429337918,2019-10-01 20:53:41.109
237292,237292,1569988485386,1569996678959.0,498,0,0.0,4.158634824696119,4.158634824696119,0.0,4.158634824696119,2019-10-01 20:54:45.386
237293,237293,1569988499905,1569996678960.0,952,16,0.01652892561983471,5.605230456036376,5.632941237848019,0.0,5.632941237848019,2019-10-01 20:54:59.905
237294,237294,1569988595877,1569996604023.0,155,26,0.143646408839779,30.80382909961628,36.10436198545644,0.0,36.10436198545644,2019-10-01 20:56:35.877
237295,237295,1569988623398,1569996693067.0,169,2,0.011695906432748537,5.141898348001519,5.154682708675728,0.0,5.154682708675728,2019-10-01 20:57:03.398
237296,237296,1569988698896,1569997092714.0,1008,0,0.0,4.158634824696119,4.158634824696119,0.0,4.158634824696119,2019-10-01 20:58:18.896
237298,237298,1569988938244,1569997600624.0,555,42,0.07035175879396985,13.516343364035915,14.591771254078525,0.0,14.591771254078525,2019-10-01 21:02:18.244
237299,237299,1569989010159,1569995779453.0,532,0,0.0,4.158634824696119,4.158634824696119,0.0,4.158634824696119,2019-10-01 21:03:30.159
237300,237300,1569989300757,1569996198661.0,332,28,0.07777777777777778,15.029977954973909,16.444022114844607,0.0,16.444022114844607,2019-10-01 21:08:20.757
237301,237301,1569989330296,1569997749389.0,2628,570,0.17823639774859287,38.109537357370044,43.70606024114389,0.0,43.70606024114389,2019-10-01 21:08:50.296
237302,237302,1569989332188,1569992938936.0,243,6,0.024096385542168676,6.403834268309293,6.4705712280625995,0.0,6.4705712280625995,2019-10-01 21:08:52.188
237304,237304,1569989785873,1569995470060.0,85,1,0.011627906976744186,5.13562794830046,5.148249414656178,5.699885008425554e-11,5.148249414599179,2019-10-01 21:16:25.873
237307,237307,1569990330760,1569997949373.0,931,49,0.05,9.890805572070912,10.315046788601881,0.0,10.315046788601881,2019-10-01 21:25:30.760
237308,237308,1569990504245,1569993093747.0,396,0,0.0,4.158634824696119,4.158634824696119,0.0,4.158634824696119,2019-10-01 21:28:24.245
237309,237309,1569990871398,1569997876836.0,273,56,0.1702127659574468,36.594720104408765,42.2934662410846,0.0,42.2934662410846,2019-10-01 21:34:31.398
237310,237310,1569990989249,1569995481690.0,582,42,0.0673076923076923,12.924360897094628,13.876959469248462,0.0,13.876959469248462,2019-10-01 21:36:29.249
237311,237311,1569991007772,1569997653744.0,268,0,0.0,4.158634824696119,4.158634824696119,0.0,4.158634824696119,2019-10-01 21:36:47.772
237312,237312,1569991084593,1569992587969.0,88,0,0.0,4.158634824696129,4.158634824708842,1.2723155862204294e-11,4.158634824696119,2019-10-01 21:38:04.593
237313,237313,1569991198678,1569997699046.0,245,0,0.0,4.158634824696119,4.158634824696119,0.0,4.158634824696119,2019-10-01 21:39:58.678
237314,237314,1569992357118,1569997728658.0,240,0,0.0,4.158634824696119,4.158634824696119,0.0,4.158634824696119,2019-10-01 21:59:17.118
237315,237315,1569992386344,1569997257460.0,368,146,0.2840466926070039,48.18844531877845,49.8034225741578,0.0,49.8034225741578,2019-10-01 21:59:46.344
237316,237316,1569992777585,1569996716079.0,151,0,0.0,4.158634824696119,4.158634824696119,0.0,4.158634824696119,2019-10-01 22:06:17.585
237317,237317,1569993288910,1569997269846.0,765,30,0.03773584905660377,8.087374129317407,8.290032257842542,0.0,8.290032257842542,2019-10-01 22:14:48.910
237318,237318,1569994575903,1569997269846.0,438,78,0.1511627906976744,32.54793349958061,38.08156400075427,0.0,38.08156400075427,2019-10-01 22:36:15.903
237319,237319,1569994753434,1569997144283.0,340,10,0.02857142857142857,6.92042723222714,7.021249014738949,0.0,7.021249014738949,2019-10-01 22:39:13.434
237320,237320,1569994786762,1569997269847.0,462,0,0.0,4.158634824696119,4.158634824696119,0.0,4.158634824696119,2019-10-01 22:39:46.762
237321,237321,1569994934753,1569996897909.0,432,6,0.0136986301369863,5.329635731227519,5.347781348635534,0.0,5.347781348635534,2019-10-01 22:42:14.753
237327,237327,1569995266450,1569997269846.0,41,0,0.0,4.158894871517173,4.362141710490921,0.20350688579480192,4.158634824696119,2019-10-01 22:47:46.450
237330,237330,1569996371821,1569997841195.0,117,0,0.0,4.158634824696119,4.158634824696119,0.0,4.158634824696119,2019-10-01 23:06:11.821
237331,237331,1569996552193,1569997841195.0,186,12,0.06060606060606061,11.681926375418465,12.396551622756565,0.0,12.396551622756565,2019-10-01 23:09:12.193
237332,237332,1569996814989,1569997466578.0,35,5,0.125,26.25418203555771,34.40971719952224,3.7929090010621724,30.61680819846007,2019-10-01 23:13:34.989
237333,237333,1569997572321,1569997841195.0,9,0,0.0,53.09967930194273,54.15725804014039,49.99862321544427,4.158634824696119,2019-10-01 23:26:12.321
